{"cameraMode":{"drawMode":0,"name":"Shaded","section":"Shading Mode"},"sceneLighting":true,"audioPlay":false,"sceneViewState":{"showFog":true,"showMaterialUpdate":false,"showSkybox":true,"showFlares":true,"showImageEffects":true,"showParticleSystems":true},"in2DMode":false,"pivot":{"x":0.976238489151001,"y":2.067957639694214,"z":-1.1201376914978028},"rotation":{"x":0.17383964359760285,"y":0.04548681154847145,"z":-0.008058915846049786,"w":0.983731746673584},"size":1.4733704328536988,"orthographic":false}